,Date,County,Total Cases,New Cases,New Deaths,Total Deaths,New Recovered,Total Recovered,New Active,Total Active,New Inactive Recovered,Total Inactive Recovered,New Hospitalized,Total Hospitalized
2,2020-03-06,Davidson,,,,,,,,,,,,
5,2020-03-08,Davidson,1.0,,,,,,,,,,,
8,2020-03-09,Davidson,1.0,0.0,,,,,,,,,,
15,2020-03-10,Davidson,2.0,1.0,,,,,,,,,,
21,2020-03-11,Davidson,2.0,0.0,,,,,,,,,,
29,2020-03-12,Davidson,6.0,4.0,,,,,,,,,,
37,2020-03-13,Davidson,10.0,4.0,,,,,,,,,,
52,2020-03-14,Davidson,14.0,4.0,,,,,,,,,,
65,2020-03-15,Davidson,17.0,3.0,,,,,,,,,,
80,2020-03-16,Davidson,25.0,8.0,,,,,,,,,,
107,2020-03-17,Davidson,42.0,17.0,,,,,,,,,,
138,2020-03-18,Davidson,58.0,16.0,,,,,,,,,,
165,2020-03-19,Davidson,75.0,17.0,,,,,,,,,,
210,2020-03-20,Davidson,101.0,26.0,,,,,,,,,,
252,2020-03-21,Davidson,140.0,39.0,,,,,,,,,,
294,2020-03-22,Davidson,167.0,27.0,,,,,,,,,,
346,2020-03-23,Davidson,164.0,-3.0,,,,,,,,,,
403,2020-03-24,Davidson,183.0,19.0,,,,,,,,,,
462,2020-03-25,Davidson,188.0,5.0,,,,,,,,,,
528,2020-03-26,Davidson,203.0,15.0,,,,,,,,,,
594,2020-03-27,Davidson,216.0,13.0,,,,,,,,,,
662,2020-03-28,Davidson,243.0,27.0,,,,,,,,,,
735,2020-03-29,Davidson,260.0,17.0,,,,,,,,,,
808,2020-03-30,Davidson,364.0,104.0,,,,,,,,,,
895,2020-03-31,Davidson,391.0,27.0,,,,,,391.0,,,,
992,2020-04-01,Davidson,423.0,32.0,,4.0,,,28.0,419.0,,,,
1089,2020-04-02,Davidson,617.0,194.0,2.0,6.0,,,192.0,611.0,,,,
1186,2020-04-03,Davidson,685.0,68.0,0.0,6.0,,,68.0,679.0,,,,
1283,2020-04-04,Davidson,741.0,56.0,0.0,6.0,,,62.0,741.0,,,,
1380,2020-04-05,Davidson,801.0,60.0,0.0,6.0,,,53.0,794.0,,,,
1477,2020-04-06,Davidson,819.0,18.0,1.0,7.0,,,18.0,812.0,,,,
1574,2020-04-07,Davidson,888.0,69.0,2.0,9.0,,,67.0,879.0,,,,
1671,2020-04-08,Davidson,946.0,58.0,4.0,13.0,,,54.0,933.0,,,,
1768,2020-04-09,Davidson,1004.0,58.0,0.0,13.0,,,58.0,991.0,,,,
1865,2020-04-10,Davidson,1048.0,44.0,0.0,13.0,,204.0,-160.0,831.0,,,,
1962,2020-04-11,Davidson,1111.0,63.0,0.0,13.0,47.0,251.0,16.0,847.0,,,,
2059,2020-04-12,Davidson,1178.0,67.0,0.0,13.0,28.0,279.0,39.0,886.0,,,,
2156,2020-04-13,Davidson,1207.0,29.0,3.0,16.0,12.0,291.0,14.0,900.0,,,,
2253,2020-04-14,Davidson,1237.0,30.0,2.0,18.0,16.0,307.0,12.0,912.0,,,,
2350,2020-04-15,Davidson,1283.0,46.0,1.0,19.0,17.0,324.0,28.0,940.0,,,,
2447,2020-04-16,Davidson,1307.0,24.0,0.0,19.0,380.0,704.0,-356.0,584.0,,,,
2544,2020-04-17,Davidson,1465.0,158.0,0.0,19.0,49.0,753.0,109.0,693.0,,,,
2641,2020-04-18,Davidson,1531.0,66.0,0.0,19.0,21.0,774.0,45.0,738.0,,,,
2738,2020-04-19,Davidson,1638.0,107.0,0.0,19.0,17.0,791.0,90.0,828.0,,,,
2835,2020-04-20,Davidson,1675.0,37.0,0.0,19.0,52.0,843.0,-15.0,813.0,,,,
2932,2020-04-21,Davidson,1719.0,44.0,1.0,20.0,37.0,880.0,6.0,819.0,,,,
3029,2020-04-22,Davidson,1872.0,153.0,0.0,20.0,32.0,912.0,121.0,940.0,,,,
3126,2020-04-23,Davidson,1934.0,62.0,1.0,21.0,30.0,942.0,31.0,971.0,,,,
3223,2020-04-24,Davidson,2011.0,77.0,0.0,21.0,73.0,1015.0,4.0,975.0,,,,
3320,2020-04-25,Davidson,2136.0,125.0,1.0,22.0,14.0,1029.0,110.0,1085.0,,,,
3417,2020-04-26,Davidson,2236.0,100.0,1.0,23.0,3.0,1032.0,96.0,1181.0,,,,
3514,2020-04-27,Davidson,2338.0,102.0,2.0,25.0,35.0,1067.0,65.0,1246.0,,,,142.0
3611,2020-04-28,Davidson,2383.0,45.0,0.0,25.0,78.0,1145.0,-33.0,1213.0,,,30.0,172.0
3708,2020-04-29,Davidson,2454.0,71.0,0.0,25.0,73.0,1218.0,-2.0,1211.0,,,70.0,242.0
3805,2020-04-30,Davidson,2612.0,158.0,3.0,28.0,62.0,1280.0,93.0,1304.0,,,12.0,254.0
3902,2020-05-01,Davidson,2652.0,40.0,0.0,28.0,68.0,1348.0,-28.0,1276.0,,,5.0,259.0
3999,2020-05-02,Davidson,2773.0,121.0,0.0,28.0,53.0,1401.0,68.0,1344.0,,,-1.0,258.0
4096,2020-05-03,Davidson,2904.0,131.0,0.0,28.0,11.0,1412.0,120.0,1464.0,,,1.0,259.0
4193,2020-05-04,Davidson,2995.0,91.0,1.0,29.0,54.0,1466.0,40.0,1504.0,,,3.0,262.0
4290,2020-05-05,Davidson,3030.0,35.0,1.0,30.0,47.0,1513.0,-14.0,1490.0,,,3.0,265.0
4387,2020-05-06,Davidson,3128.0,98.0,1.0,31.0,88.0,1601.0,6.0,1496.0,,,9.0,274.0
4484,2020-05-07,Davidson,3157.0,29.0,0.0,31.0,72.0,1673.0,-43.0,1453.0,,,3.0,277.0
4581,2020-05-08,Davidson,3300.0,143.0,0.0,31.0,85.0,1758.0,58.0,1511.0,,,3.0,280.0
4678,2020-05-09,Davidson,3358.0,58.0,0.0,31.0,42.0,1800.0,16.0,1527.0,,,5.0,285.0
4775,2020-05-10,Davidson,3401.0,43.0,0.0,31.0,27.0,1827.0,16.0,1543.0,,,-3.0,282.0
4872,2020-05-11,Davidson,3465.0,64.0,1.0,32.0,59.0,1886.0,4.0,1547.0,,,1.0,283.0
4969,2020-05-12,Davidson,3580.0,115.0,1.0,33.0,64.0,1950.0,50.0,1597.0,,,7.0,290.0
5066,2020-05-13,Davidson,3623.0,43.0,4.0,37.0,105.0,2055.0,-66.0,1531.0,,,9.0,299.0
5163,2020-05-14,Davidson,3745.0,122.0,3.0,40.0,79.0,2134.0,40.0,1571.0,,,9.0,308.0
5260,2020-05-15,Davidson,3795.0,50.0,1.0,41.0,69.0,2203.0,-20.0,1551.0,,,3.0,311.0
5357,2020-05-16,Davidson,3872.0,77.0,0.0,41.0,92.0,2295.0,-15.0,1536.0,,,3.0,314.0
5454,2020-05-17,Davidson,3893.0,21.0,3.0,44.0,28.0,2323.0,-10.0,1526.0,,,3.0,317.0
5551,2020-05-18,Davidson,4066.0,173.0,0.0,44.0,67.0,2390.0,106.0,1632.0,,,2.0,319.0
5648,2020-05-19,Davidson,4174.0,108.0,2.0,46.0,57.0,2447.0,49.0,1681.0,,,3.0,322.0
5745,2020-05-20,Davidson,4222.0,48.0,2.0,48.0,112.0,2559.0,-66.0,1615.0,,,5.0,327.0
5842,2020-05-21,Davidson,4292.0,70.0,0.0,48.0,138.0,2697.0,-68.0,1547.0,,,4.0,331.0
5939,2020-05-22,Davidson,4396.0,104.0,0.0,48.0,166.0,2863.0,-62.0,1485.0,,,7.0,338.0
6036,2020-05-23,Davidson,4465.0,69.0,6.0,54.0,60.0,2923.0,3.0,1488.0,,,1.0,339.0
6133,2020-05-24,Davidson,4518.0,53.0,3.0,57.0,19.0,2942.0,31.0,1519.0,,,1.0,340.0
6230,2020-05-25,Davidson,4632.0,114.0,1.0,58.0,70.0,3012.0,43.0,1562.0,,,0.0,340.0
6327,2020-05-26,Davidson,4716.0,84.0,2.0,60.0,89.0,3101.0,-7.0,1555.0,,,3.0,343.0
6424,2020-05-27,Davidson,4826.0,110.0,0.0,60.0,67.0,3168.0,43.0,1598.0,,,5.0,348.0
6521,2020-05-28,Davidson,4894.0,68.0,0.0,60.0,91.0,3259.0,-23.0,1575.0,,,3.0,351.0
6618,2020-05-29,Davidson,4968.0,74.0,-1.0,59.0,127.0,3386.0,-52.0,1523.0,,,0.0,351.0
6715,2020-05-30,Davidson,5040.0,72.0,3.0,62.0,53.0,3439.0,16.0,1539.0,,,3.0,354.0
6812,2020-05-31,Davidson,5130.0,90.0,0.0,62.0,16.0,3455.0,74.0,1613.0,,,2.0,356.0
6909,2020-06-01,Davidson,5205.0,75.0,0.0,62.0,44.0,3499.0,31.0,1644.0,,,1.0,357.0
7006,2020-06-02,Davidson,5323.0,118.0,2.0,64.0,67.0,3566.0,49.0,1693.0,,,6.0,363.0
7103,2020-06-03,Davidson,5429.0,106.0,1.0,65.0,111.0,3677.0,-6.0,1687.0,,,9.0,372.0
7200,2020-06-04,Davidson,5516.0,87.0,1.0,66.0,82.0,3759.0,4.0,1691.0,,,6.0,378.0
7297,2020-06-05,Davidson,5638.0,122.0,3.0,69.0,87.0,3846.0,32.0,1723.0,,,6.0,384.0
7394,2020-06-06,Davidson,5742.0,104.0,4.0,73.0,36.0,3882.0,64.0,1787.0,,,8.0,392.0
7491,2020-06-07,Davidson,5801.0,59.0,0.0,73.0,19.0,3901.0,40.0,1827.0,,,0.0,392.0
7588,2020-06-08,Davidson,5947.0,146.0,0.0,73.0,82.0,3983.0,64.0,1891.0,,,3.0,395.0
7685,2020-06-09,Davidson,6125.0,178.0,7.0,80.0,76.0,4059.0,95.0,1986.0,,,8.0,403.0
7782,2020-06-10,Davidson,6190.0,65.0,0.0,80.0,97.0,4156.0,-32.0,1954.0,,,0.0,403.0
7879,2020-06-11,Davidson,6290.0,100.0,1.0,81.0,103.0,4259.0,-4.0,1950.0,,,2.0,405.0
7976,2020-06-12,Davidson,6379.0,89.0,3.0,84.0,83.0,4342.0,3.0,1953.0,,,8.0,413.0
8073,2020-06-13,Davidson,6435.0,56.0,0.0,84.0,92.0,4434.0,-36.0,1917.0,,,4.0,417.0
8170,2020-06-14,Davidson,6682.0,247.0,0.0,84.0,30.0,4464.0,217.0,2134.0,,,1.0,418.0
8267,2020-06-15,Davidson,6818.0,136.0,4.0,88.0,31.0,4495.0,101.0,2235.0,,,5.0,423.0
8364,2020-06-16,Davidson,7016.0,198.0,2.0,90.0,138.0,4633.0,58.0,2293.0,,,9.0,432.0
8461,2020-06-17,Davidson,7082.0,66.0,1.0,91.0,120.0,4753.0,-55.0,2238.0,,,4.0,436.0
8558,2020-06-18,Davidson,7253.0,171.0,2.0,93.0,110.0,4863.0,59.0,2297.0,,,6.0,442.0
8655,2020-06-19,Davidson,7504.0,251.0,2.0,95.0,214.0,5077.0,35.0,2332.0,,,4.0,446.0
8752,2020-06-20,Davidson,7571.0,67.0,0.0,95.0,1.0,5078.0,66.0,2398.0,,,0.0,446.0
8849,2020-06-21,Davidson,7668.0,97.0,0.0,95.0,54.0,5132.0,43.0,2441.0,,,2.0,448.0
8946,2020-06-22,Davidson,7716.0,48.0,1.0,96.0,100.0,5232.0,-53.0,2388.0,,,2.0,450.0
9043,2020-06-23,Davidson,7867.0,151.0,2.0,98.0,92.0,5324.0,57.0,2445.0,,,6.0,456.0
9140,2020-06-24,Davidson,8062.0,195.0,4.0,102.0,126.0,5450.0,65.0,2510.0,,,8.0,464.0
9237,2020-06-25,Davidson,8258.0,196.0,1.0,103.0,147.0,5597.0,48.0,2558.0,,,7.0,471.0
9334,2020-06-26,Davidson,8547.0,289.0,2.0,105.0,108.0,5705.0,179.0,2737.0,,,4.0,475.0
9431,2020-06-27,Davidson,8675.0,128.0,5.0,110.0,65.0,5770.0,58.0,2795.0,,,8.0,483.0
9528,2020-06-29,Davidson,9016.0,341.0,0.0,110.0,136.0,5906.0,205.0,3000.0,,,1.0,484.0
9625,2020-06-30,Davidson,9237.0,221.0,3.0,113.0,122.0,6028.0,96.0,3096.0,,,8.0,492.0
9722,2020-07-01,Davidson,9769.0,532.0,1.0,114.0,168.0,6196.0,363.0,3459.0,,,4.0,496.0
9819,2020-07-02,Davidson,10125.0,356.0,1.0,115.0,172.0,6368.0,183.0,3642.0,,,3.0,499.0
9916,2020-07-03,Davidson,10450.0,325.0,3.0,118.0,114.0,6482.0,208.0,3850.0,,,7.0,506.0
10013,2020-07-04,Davidson,10726.0,276.0,0.0,118.0,103.0,6585.0,173.0,4023.0,,,0.0,506.0
10110,2020-07-05,Davidson,11089.0,363.0,4.0,122.0,26.0,6611.0,333.0,4356.0,,,0.0,506.0
10207,2020-07-06,Davidson,11205.0,116.0,-1.0,121.0,165.0,6776.0,-48.0,4308.0,,,1.0,507.0
10304,2020-07-07,Davidson,11599.0,394.0,6.0,127.0,188.0,6964.0,200.0,4508.0,,,7.0,514.0
10401,2020-07-08,Davidson,12234.0,635.0,5.0,132.0,167.0,7131.0,463.0,4971.0,,,6.0,520.0
10498,2020-07-09,Davidson,12549.0,315.0,6.0,138.0,187.0,7318.0,122.0,5093.0,,,8.0,528.0
10595,2020-07-10,Davidson,12935.0,386.0,4.0,142.0,232.0,7550.0,150.0,5243.0,,,9.0,537.0
10692,2020-07-11,Davidson,13162.0,227.0,1.0,143.0,193.0,7743.0,33.0,5276.0,,,4.0,541.0
10789,2020-07-12,Davidson,13309.0,147.0,0.0,143.0,88.0,7831.0,59.0,5335.0,,,1.0,542.0
10886,2020-07-13,Davidson,13976.0,667.0,3.0,146.0,246.0,8077.0,418.0,5753.0,,,3.0,545.0
10983,2020-07-14,Davidson,14205.0,229.0,9.0,155.0,317.0,8394.0,-97.0,5656.0,,,13.0,558.0
11080,2020-07-15,Davidson,14550.0,345.0,2.0,157.0,494.0,8888.0,-151.0,5505.0,,,4.0,562.0
11177,2020-07-16,Davidson,14982.0,432.0,3.0,160.0,371.0,9259.0,58.0,5563.0,,,6.0,568.0
11274,2020-07-17,Davidson,15342.0,360.0,4.0,164.0,338.0,9597.0,18.0,5581.0,,,6.0,574.0
11371,2020-07-18,Davidson,15711.0,369.0,2.0,166.0,251.0,9848.0,116.0,5697.0,,,8.0,582.0
11468,2020-07-19,Davidson,16044.0,333.0,0.0,166.0,134.0,9982.0,199.0,5896.0,,,0.0,582.0
11565,2020-07-20,Davidson,16223.0,179.0,0.0,166.0,292.0,10274.0,-113.0,5783.0,,,0.0,582.0
11662,2020-07-21,Davidson,16545.0,322.0,6.0,172.0,393.0,10667.0,-77.0,5706.0,,,8.0,590.0
11759,2020-07-22,Davidson,16695.0,150.0,1.0,173.0,419.0,11086.0,-270.0,5436.0,,,6.0,596.0
11856,2020-07-23,Davidson,16956.0,261.0,6.0,179.0,333.0,11419.0,-78.0,5358.0,,,11.0,607.0
11953,2020-07-24,Davidson,17180.0,224.0,0.0,179.0,249.0,11668.0,-25.0,5333.0,,,6.0,613.0
12050,2020-07-25,Davidson,17493.0,313.0,7.0,186.0,182.0,11850.0,124.0,5457.0,,,11.0,624.0
12147,2020-07-26,Davidson,17836.0,343.0,0.0,186.0,168.0,12018.0,175.0,5632.0,,,2.0,626.0
12244,2020-07-27,Davidson,18136.0,300.0,2.0,188.0,464.0,12482.0,-166.0,5466.0,,,0.0,626.0
12341,2020-07-28,Davidson,18377.0,241.0,6.0,194.0,512.0,12994.0,-277.0,5189.0,,,11.0,637.0
12438,2020-07-29,Davidson,18545.0,168.0,0.0,194.0,428.0,13422.0,-260.0,4929.0,,,5.0,642.0
12535,2020-07-30,Davidson,18676.0,131.0,1.0,195.0,397.0,13819.0,-267.0,4662.0,,,9.0,651.0
12632,2020-07-31,Davidson,18978.0,302.0,3.0,198.0,349.0,14168.0,-50.0,4612.0,,,6.0,657.0
12729,2020-08-01,Davidson,19176.0,198.0,0.0,198.0,255.0,14423.0,-57.0,4555.0,,,9.0,666.0
12826,2020-08-02,Davidson,19320.0,144.0,1.0,199.0,129.0,14552.0,14.0,4569.0,,,6.0,672.0
12923,2020-08-03,Davidson,19400.0,80.0,3.0,202.0,378.0,14930.0,-301.0,4268.0,,,6.0,678.0
13020,2020-08-04,Davidson,19563.0,163.0,3.0,205.0,407.0,15337.0,-247.0,4021.0,,,14.0,692.0
13117,2020-08-05,Davidson,19812.0,249.0,3.0,208.0,347.0,15684.0,-101.0,3920.0,,,6.0,698.0
13214,2020-08-06,Davidson,20001.0,189.0,3.0,211.0,239.0,15923.0,-53.0,3867.0,,,14.0,712.0
13311,2020-08-07,Davidson,20185.0,184.0,1.0,212.0,259.0,16182.0,-76.0,3791.0,,,11.0,723.0
13408,2020-08-08,Davidson,20383.0,198.0,1.0,213.0,139.0,16321.0,58.0,3849.0,,,15.0,738.0
13505,2020-08-09,Davidson,20620.0,237.0,0.0,213.0,89.0,16410.0,148.0,3997.0,,,4.0,742.0
13602,2020-08-10,Davidson,20722.0,102.0,4.0,217.0,217.0,16627.0,-119.0,3878.0,,,2.0,744.0
13699,2020-08-11,Davidson,20865.0,143.0,2.0,219.0,219.0,16846.0,-78.0,3800.0,,,20.0,764.0
13796,2020-08-12,Davidson,21044.0,179.0,2.0,221.0,203.0,17049.0,-26.0,3774.0,,,11.0,775.0
13893,2020-08-13,Davidson,21280.0,236.0,0.0,221.0,245.0,17294.0,-9.0,3765.0,,,6.0,781.0
13990,2020-08-14,Davidson,21528.0,248.0,0.0,221.0,304.0,17598.0,-56.0,3709.0,,,14.0,795.0
14087,2020-08-15,Davidson,21677.0,149.0,-1.0,220.0,119.0,17717.0,31.0,3740.0,,,12.0,807.0
14184,2020-08-16,Davidson,21893.0,216.0,7.0,227.0,62.0,17779.0,147.0,3887.0,,,2.0,809.0
14281,2020-08-17,Davidson,22005.0,112.0,3.0,230.0,191.0,17970.0,-82.0,3805.0,,,1.0,810.0
14378,2020-08-18,Davidson,22190.0,185.0,1.0,231.0,189.0,18159.0,-5.0,3800.0,,,7.0,817.0
14475,2020-08-19,Davidson,22326.0,136.0,4.0,235.0,191.0,18350.0,-59.0,3741.0,,,9.0,826.0
14572,2020-08-20,Davidson,22461.0,135.0,7.0,242.0,190.0,18540.0,-62.0,3679.0,,,11.0,837.0
14669,2020-08-21,Davidson,22617.0,156.0,3.0,245.0,193.0,18733.0,-40.0,3639.0,,,9.0,846.0
14766,2020-08-22,Davidson,22656.0,39.0,0.0,245.0,150.0,18883.0,-111.0,3528.0,,,4.0,850.0
14863,2020-08-23,Davidson,22766.0,110.0,0.0,245.0,79.0,18962.0,31.0,3559.0,,,0.0,850.0
14960,2020-08-24,Davidson,22816.0,50.0,1.0,246.0,170.0,19132.0,-121.0,3438.0,,,3.0,853.0
15057,2020-08-25,Davidson,22907.0,91.0,3.0,249.0,317.0,19449.0,-229.0,3209.0,,,22.0,875.0
15154,2020-08-26,Davidson,23056.0,149.0,1.0,250.0,219.0,19668.0,-71.0,3138.0,,,8.0,883.0
15251,2020-08-27,Davidson,23181.0,125.0,1.0,251.0,195.0,19863.0,-71.0,3067.0,,,7.0,890.0
15348,2020-08-28,Davidson,23321.0,140.0,3.0,254.0,228.0,20091.0,-91.0,2976.0,,,12.0,902.0
15445,2020-08-29,Davidson,23399.0,78.0,1.0,255.0,126.0,20217.0,-49.0,2927.0,,,9.0,911.0
15542,2020-08-30,Davidson,23430.0,31.0,3.0,258.0,63.0,20280.0,-35.0,2892.0,,,3.0,914.0
15639,2020-08-31,Davidson,23474.0,44.0,1.0,259.0,192.0,20472.0,-149.0,2743.0,,,1.0,915.0
15736,2020-09-01,Davidson,23622.0,148.0,0.0,259.0,312.0,20784.0,-164.0,2579.0,,,10.0,925.0
15833,2020-09-02,Davidson,23703.0,81.0,1.0,260.0,188.0,20972.0,-108.0,2471.0,,,12.0,937.0
15930,2020-09-03,Davidson,23778.0,75.0,-1.0,259.0,,,-1502.0,969.0,,22550.0,2.0,939.0
16027,2020-09-04,Davidson,23830.0,52.0,2.0,261.0,,,-71.0,898.0,121.0,22671.0,8.0,947.0
16124,2020-09-05,Davidson,24001.0,171.0,3.0,264.0,,,43.0,941.0,125.0,22796.0,14.0,961.0
16221,2020-09-06,Davidson,24242.0,241.0,0.0,264.0,,,141.0,1082.0,100.0,22896.0,1.0,962.0
16318,2020-09-07,Davidson,24372.0,130.0,0.0,264.0,,,56.0,1138.0,74.0,22970.0,2.0,964.0
16415,2020-09-08,Davidson,24418.0,46.0,3.0,267.0,,,-81.0,1057.0,124.0,23094.0,7.0,971.0
16512,2020-09-09,Davidson,24513.0,95.0,2.0,269.0,,,-16.0,1041.0,109.0,23203.0,8.0,979.0
16609,2020-09-10,Davidson,24904.0,391.0,5.0,274.0,,,-11.0,1030.0,397.0,23600.0,15.0,994.0
16706,2020-09-11,Davidson,25056.0,152.0,0.0,274.0,,,41.0,1071.0,111.0,23711.0,6.0,1000.0
16803,2020-09-12,Davidson,25097.0,41.0,3.0,277.0,,,-27.0,1044.0,65.0,23776.0,8.0,1008.0
16900,2020-09-13,Davidson,25184.0,87.0,2.0,279.0,,,9.0,1053.0,76.0,23852.0,2.0,1010.0
16997,2020-09-14,Davidson,25345.0,161.0,2.0,281.0,,,94.0,1147.0,65.0,23917.0,6.0,1016.0
17094,2020-09-15,Davidson,25440.0,95.0,2.0,283.0,,,-23.0,1124.0,116.0,24033.0,5.0,1021.0
17191,2020-09-16,Davidson,25578.0,138.0,1.0,284.0,,,55.0,1179.0,82.0,24115.0,4.0,1025.0
17288,2020-09-17,Davidson,25652.0,74.0,0.0,284.0,,,-2.0,1177.0,76.0,24191.0,5.0,1030.0
17385,2020-09-18,Davidson,25798.0,146.0,3.0,287.0,,,-34.0,1143.0,177.0,24368.0,4.0,1034.0
17482,2020-09-19,Davidson,25840.0,42.0,2.0,289.0,,,-215.0,928.0,255.0,24623.0,4.0,1038.0
17579,2020-09-20,Davidson,25972.0,132.0,0.0,289.0,,,73.0,1001.0,59.0,24682.0,1.0,1039.0
17676,2020-09-21,Davidson,26017.0,45.0,4.0,293.0,,,-2.0,999.0,43.0,24725.0,3.0,1042.0
17773,2020-09-22,Davidson,26087.0,70.0,1.0,294.0,,,-13.0,986.0,82.0,24807.0,3.0,1045.0
17870,2020-09-23,Davidson,26194.0,107.0,3.0,297.0,,,-5.0,981.0,109.0,24916.0,5.0,1050.0
17967,2020-09-24,Davidson,26252.0,58.0,1.0,298.0,,,-58.0,923.0,115.0,25031.0,8.0,1058.0
18064,2020-09-25,Davidson,26381.0,129.0,5.0,303.0,,,40.0,963.0,84.0,25115.0,1.0,1059.0
18161,2020-09-26,Davidson,26474.0,93.0,3.0,306.0,,,1.0,964.0,89.0,25204.0,1.0,1060.0
18258,2020-09-27,Davidson,26630.0,156.0,0.0,306.0,,,95.0,1059.0,61.0,25265.0,0.0,1060.0
18355,2020-09-28,Davidson,26685.0,55.0,1.0,307.0,,,-4.0,1055.0,58.0,25323.0,1.0,1061.0
18452,2020-09-29,Davidson,26797.0,112.0,4.0,311.0,,,-46.0,1009.0,154.0,25477.0,7.0,1068.0
18549,2020-09-30,Davidson,26874.0,77.0,1.0,312.0,,,-33.0,976.0,109.0,25586.0,2.0,1070.0
18646,2020-10-01,Davidson,26940.0,66.0,1.0,313.0,,,-36.0,940.0,101.0,25687.0,2.0,1072.0
18743,2020-10-02,Davidson,26959.0,19.0,0.0,313.0,,,-56.0,884.0,75.0,25762.0,1.0,1073.0
18840,2020-10-03,Davidson,27029.0,70.0,0.0,313.0,,,-36.0,848.0,106.0,25868.0,4.0,1077.0
18937,2020-10-04,Davidson,27185.0,156.0,3.0,316.0,,,94.0,942.0,59.0,25927.0,1.0,1078.0
19034,2020-10-05,Davidson,27360.0,175.0,0.0,316.0,,,109.0,1051.0,66.0,25993.0,1.0,1079.0
19131,2020-10-06,Davidson,27518.0,158.0,1.0,317.0,,,36.0,1087.0,121.0,26114.0,0.0,1079.0
19228,2020-10-07,Davidson,27636.0,118.0,2.0,319.0,,,-13.0,1074.0,129.0,26243.0,4.0,1083.0
19325,2020-10-08,Davidson,27765.0,129.0,0.0,319.0,,,18.0,1092.0,111.0,26354.0,5.0,1088.0
19422,2020-10-09,Davidson,27964.0,199.0,2.0,321.0,,,30.0,1122.0,167.0,26521.0,6.0,1094.0
19519,2020-10-10,Davidson,28120.0,156.0,0.0,321.0,,,64.0,1186.0,92.0,26613.0,4.0,1098.0
19616,2020-10-11,Davidson,28294.0,174.0,0.0,321.0,,,108.0,1294.0,66.0,26679.0,0.0,1098.0
19713,2020-10-12,Davidson,28507.0,213.0,0.0,321.0,,,142.0,1436.0,71.0,26750.0,0.0,1098.0
19810,2020-10-13,Davidson,28629.0,122.0,1.0,322.0,,,-24.0,1412.0,145.0,26895.0,5.0,1103.0
19907,2020-10-14,Davidson,28717.0,88.0,1.0,323.0,,,-17.0,1395.0,104.0,26999.0,6.0,1109.0
20004,2020-10-15,Davidson,28895.0,178.0,1.0,324.0,,,70.0,1465.0,107.0,27106.0,3.0,1112.0
20101,2020-10-16,Davidson,28933.0,38.0,0.0,324.0,,,-92.0,1373.0,130.0,27236.0,11.0,1123.0
20198,2020-10-17,Davidson,29185.0,252.0,1.0,325.0,,,162.0,1535.0,89.0,27325.0,7.0,1130.0
20295,2020-10-18,Davidson,29425.0,240.0,0.0,325.0,,,129.0,1664.0,111.0,27436.0,0.0,1130.0
20392,2020-10-19,Davidson,29801.0,376.0,0.0,325.0,,,273.0,1937.0,103.0,27539.0,3.0,1133.0
20489,2020-10-20,Davidson,29914.0,113.0,1.0,326.0,,,-63.0,1874.0,175.0,27714.0,5.0,1138.0
20586,2020-10-21,Davidson,30155.0,241.0,2.0,328.0,,,60.0,1934.0,179.0,27893.0,5.0,1143.0
20683,2020-10-22,Davidson,30302.0,147.0,2.0,330.0,,,-26.0,1908.0,171.0,28064.0,6.0,1149.0
20780,2020-10-23,Davidson,30982.0,680.0,3.0,333.0,,,117.0,2025.0,560.0,28624.0,16.0,1165.0
20877,2020-10-24,Davidson,31206.0,224.0,3.0,336.0,,,46.0,2071.0,175.0,28799.0,4.0,1169.0
20974,2020-10-25,Davidson,31748.0,542.0,1.0,337.0,,,275.0,2346.0,266.0,29065.0,6.0,1175.0
21071,2020-10-26,Davidson,31975.0,227.0,6.0,343.0,,,91.0,2437.0,130.0,29195.0,4.0,1179.0
21168,2020-10-27,Davidson,32175.0,200.0,-2.0,341.0,,,-10.0,2427.0,212.0,29407.0,3.0,1182.0
21265,2020-10-28,Davidson,32483.0,308.0,5.0,346.0,,,35.0,2462.0,268.0,29675.0,7.0,1189.0
21362,2020-10-29,Davidson,32679.0,196.0,-1.0,345.0,,,-51.0,2411.0,248.0,29923.0,3.0,1192.0
21459,2020-10-30,Davidson,32908.0,229.0,5.0,350.0,,,-6.0,2405.0,230.0,30153.0,6.0,1198.0
21556,2020-10-31,Davidson,33037.0,129.0,2.0,352.0,,,-71.0,2334.0,198.0,30351.0,10.0,1208.0
21653,2020-11-01,Davidson,33119.0,82.0,0.0,352.0,,,-73.0,2261.0,155.0,30506.0,0.0,1208.0
21750,2020-11-02,Davidson,33402.0,283.0,1.0,353.0,,,165.0,2426.0,117.0,30623.0,2.0,1210.0
21847,2020-11-03,Davidson,33627.0,225.0,2.0,355.0,,,-58.0,2368.0,281.0,30904.0,7.0,1217.0
21944,2020-11-04,Davidson,34006.0,379.0,2.0,357.0,,,124.0,2492.0,253.0,31157.0,6.0,1223.0
22041,2020-11-05,Davidson,34201.0,195.0,3.0,360.0,,,-109.0,2383.0,301.0,31458.0,7.0,1230.0
22138,2020-11-06,Davidson,34332.0,131.0,2.0,362.0,,,-171.0,2212.0,300.0,31758.0,6.0,1236.0
22235,2020-11-07,Davidson,34875.0,543.0,3.0,365.0,,,265.0,2477.0,275.0,32033.0,4.0,1240.0
22332,2020-11-08,Davidson,35139.0,264.0,0.0,365.0,,,113.0,2590.0,151.0,32184.0,1.0,1241.0
22429,2020-11-09,Davidson,35655.0,516.0,1.0,366.0,,,335.0,2925.0,180.0,32364.0,1.0,1242.0
22526,2020-11-10,Davidson,35938.0,283.0,3.0,369.0,,,-20.0,2905.0,300.0,32664.0,3.0,1245.0
22623,2020-11-11,Davidson,36414.0,476.0,5.0,374.0,,,141.0,3046.0,330.0,32994.0,7.0,1252.0
22720,2020-11-12,Davidson,36757.0,343.0,0.0,374.0,,,8.0,3054.0,335.0,33329.0,5.0,1257.0
22817,2020-11-13,Davidson,37015.0,258.0,5.0,379.0,,,-55.0,2999.0,308.0,33637.0,12.0,1269.0
22914,2020-11-14,Davidson,37364.0,349.0,1.0,380.0,,,35.0,3034.0,313.0,33950.0,3.0,1272.0
23011,2020-11-15,Davidson,37842.0,478.0,2.0,382.0,,,284.0,3318.0,192.0,34142.0,0.0,1272.0
23108,2020-11-16,Davidson,38583.0,741.0,5.0,387.0,,,560.0,3878.0,176.0,34318.0,4.0,1276.0
23205,2020-11-17,Davidson,38719.0,136.0,3.0,390.0,,,-375.0,3503.0,508.0,34826.0,6.0,1282.0
23302,2020-11-18,Davidson,39122.0,403.0,1.0,391.0,,,104.0,3607.0,298.0,35124.0,3.0,1285.0
23399,2020-11-19,Davidson,39405.0,283.0,2.0,393.0,,,-221.0,3386.0,502.0,35626.0,8.0,1293.0
23496,2020-11-20,Davidson,39770.0,365.0,6.0,399.0,,,-74.0,3312.0,433.0,36059.0,10.0,1303.0
23593,2020-11-21,Davidson,40119.0,349.0,1.0,400.0,,,-58.0,3254.0,406.0,36465.0,0.0,1303.0
23690,2020-11-22,Davidson,40436.0,317.0,2.0,402.0,,,82.0,3336.0,233.0,36698.0,2.0,1305.0
23787,2020-11-23,Davidson,40820.0,384.0,5.0,407.0,,,155.0,3491.0,224.0,36922.0,2.0,1307.0
23884,2020-11-24,Davidson,40834.0,14.0,2.0,409.0,,,-568.0,2923.0,580.0,37502.0,8.0,1315.0
23981,2020-11-25,Davidson,40984.0,150.0,3.0,412.0,,,-409.0,2514.0,556.0,38058.0,3.0,1318.0
24078,2020-11-26,Davidson,41460.0,476.0,7.0,419.0,,,86.0,2600.0,383.0,38441.0,16.0,1334.0
24175,2020-11-27,Davidson,42057.0,597.0,0.0,419.0,,,62.0,2662.0,535.0,38976.0,2.0,1336.0
24272,2020-11-28,Davidson,42703.0,646.0,1.0,420.0,,,200.0,2862.0,445.0,39421.0,5.0,1341.0
24369,2020-11-29,Davidson,42880.0,177.0,0.0,420.0,,,-52.0,2810.0,229.0,39650.0,1.0,1342.0
24466,2020-11-30,Davidson,43546.0,666.0,1.0,421.0,,,465.0,3275.0,200.0,39850.0,4.0,1346.0
24563,2020-12-01,Davidson,43915.0,369.0,2.0,423.0,,,-334.0,2941.0,701.0,40551.0,4.0,1350.0
24660,2020-12-02,Davidson,44374.0,459.0,2.0,425.0,,,-160.0,2781.0,617.0,41168.0,9.0,1359.0
24757,2020-12-03,Davidson,44813.0,439.0,4.0,429.0,,,-145.0,2636.0,580.0,41748.0,9.0,1368.0
24854,2020-12-04,Davidson,45276.0,463.0,5.0,434.0,,,31.0,2667.0,427.0,42175.0,6.0,1374.0
24951,2020-12-05,Davidson,45733.0,457.0,1.0,435.0,,,6.0,2673.0,450.0,42625.0,10.0,1384.0
25048,2020-12-06,Davidson,45923.0,190.0,3.0,438.0,,,-86.0,2587.0,273.0,42898.0,3.0,1387.0
25145,2020-12-07,Davidson,46491.0,568.0,2.0,440.0,,,374.0,2961.0,192.0,43090.0,1.0,1388.0
